player,letter,出場回数,monster,level,variant,image,A(アクティブ),P(コンパニオン),match01,match02,match03,match04,match05,match06,match07,match08,match09,match10,match11
ClayClay,L,2,♪スノウ,70,亜2,https://eldersign.jp/img/mi/g/f0/020_snow_2g7.png,ニグラーヌ / ヒヤデスウィンド / フサリア / ブラッドムーン / ルビーレイン,フレイムアシスト / 心の壁,A-L,E-L,,,,,,,,,
ClayClay,L,2,♫スノウ,67,亜2,https://eldersign.jp/img/mi/g/f0/020_snow_2g4.png,アイスランス / スタンダールシンドローム / ステイシス / フェイト / ペイルムーン,守りのミンネ / 心の壁,A-L,E-L,,,,,,,,,
ClayClay,L,2,フィア・クリス,70,亜2,https://eldersign.jp/img/mi/g/f0/073_firchlis_2g4.png,アウェイクニング / ヒヤデスウィンド / フサリア / ブラッドムーン / リヴァイヴ,フレイムアシスト / レジストシール,A-L,E-L,,,,,,,,,
ClayClay,L,2,アスレイ,45,亜2,https://eldersign.jp/img/mi/s/f0/072_asrai_2g7.png,キャンセレイション / ニグラーヌ / フサリア / ブラッドムーン / ルビーレイン,守りのミンネ / 魔力ブースト,A-L,E-L,,,,,,,,,
ClayClay,L,1,ア・ドライグ・ゴッホ,82,亜1,https://eldersign.jp/img/mi/p/f0/071_y-ddraig-goch_1g7.png,グランドスラム / ローカストスウォーム,守りのミンネ / 戦いのエール,B-L,,,,,,,,,,
ClayClay,L,1,ハルドル,70,原,https://eldersign.jp/img/mi/g/f0/049_brass-dragon_0g4.png,アースクェイク / ヴェンデッタ,命中ブースト / 戦いのエール,B-L,,,,,,,,,,
ClayClay,L,1,白夜庵,70,亜1,https://eldersign.jp/img/mi/g/f0/065_cats-of-ulthar_1g7.png,アンダートウ / 月光浴,クィックオーダー / 地味づくり,B-L,,,,,,,,,,
ClayClay,L,1,ボクルグ,62,亜2,https://eldersign.jp/img/mi/g/f0/095_bokrug_2g4.png,テンペスト / 光のベール,守りのミンネ / 心の壁,B-L,,,,,,,,,,
ClayClay,L,1,モフホワイト,66,亜2,https://eldersign.jp/img/mi/g/f0/026_cwn-annwn_2g4.png,キャンセレイション / バードサンクチュアリ / ブラッドムーン / リヴァイヴ,防寒布 / 防火布,C-L,,,,,,,,,,
ClayClay,L,1,モフシャドウ,63,亜1,https://eldersign.jp/img/mi/g/f0/026_cwn-annwn_1g4.png,アゼランザ / ウィンターブラスト / ニグラーヌ,コールドアシスト / コールドバリア,C-L,,,,,,,,,,
ClayClay,L,1,姑獲鳥 (1),63,亜1,https://eldersign.jp/img/mi/g/f0/098_ubume_1g4.png,フラッド / ペイルムーン / 光のベール / 六花 / 日光浴,コールドアシスト / ローズイズレッド,C-L,,,,,,,,,,
ClayClay,L,1,姑獲鳥 (2),57,亜2,https://eldersign.jp/img/mi/g/f0/098_ubume_2g4.png,ガイドスター / メイルストロム / 光のベール,コールドアシスト / レジストスリープ,C-L,,,,,,,,,,
ClayClay,L,3,W.R.N.B,70,亜2,https://eldersign.jp/img/mi/g/f0/082_gug_2g7.png,アンブッシュ / ブラッドセイバー / ベノムスクラッチ / 闇の楔 / 闇の結界,バナナフロート / レジストポイズン / 守りのミンネ / 遮光布,D-L,G-L,I-L,,,,,,,,
ClayClay,L,1,H.S.K_Ver1.4,67,亜2,https://eldersign.jp/img/mi/g/f0/078_zhar_2g4.png,シュリンク / フォトケミカルスモッグ / ユロール / 光のベール / 闇の結界,アクアノート / 遮光布,D-L,,,,,,,,,,
ClayClay,L,6,Mille＝Feuille,90,亜1,https://eldersign.jp/img/mi/p/f0/066_atlach-nacha_1g7.png,ゴッサマーチェイン / シュリンク / ネクロラトリー / ミラーズ / ルールオブドリームス,守りのミンネ / 心の棘 / 魔力ブースト,D-L,F-L,G-L,I-L,J-L,K-L,,,,,
ClayClay,L,1,F.S.M.,64,原,https://eldersign.jp/img/mi/g/f0/053_fsm_0g4.png,プロテクトディザスター / ミラーズ / ユロール / ルルハラント,クィックオーダー / 地味づくり,D-L,,,,,,,,,,
ClayClay,L,5,T.O.K.R.s,63,亜2,https://eldersign.jp/img/mi/g/f0/076_moon-beast_2g7.png,インクリーズ / フォトケミカルスモッグ / ユロール / 闇の楔 / 闇の結界,バインドブレイス / レジストポイズン / 守りのミンネ / 遮光布,F-L,G-L,I-L,J-L,K-L,,,,,,
ClayClay,L,3,T.G.N.J.n,70,亜2,https://eldersign.jp/img/mi/g/f0/076_moon-beast_2g7.png,アンブッシュ / インクリーズ / ブラッドセイバー / 闇の楔 / 闇の結界,バナナフロート / レジストポイズン / 守りのミンネ / 遮光布,F-L,J-L,K-L,,,,,,,,
ClayClay,L,3,A.M.n.T,68,亜2,https://eldersign.jp/img/mi/g/f0/067_vulthoom_2g7.png,シュリンク / ミラーズ / 光のベール / 闇の楔 / 闇の結界,ハートオブフレイム / バナナフロート / リジェネレイト / 遮光布,F-L,J-L,K-L,,,,,,,,
ClayClay,L,2,Y.N.T,67,亜1,https://eldersign.jp/img/mi/g/f0/067_vulthoom_1g7.png,シュリンク / ミラーズ / 闇のベール / 闇の楔 / 闇の結界,守りのミンネ / 魔力ブースト,G-L,I-L,,,,,,,,,
ClayClay,L,1,ドール,80,亜1,https://eldersign.jp/img/mi/p/f0/056_dhole_1g7.png,インクリーズ / カロウシブスピット / トランキリティ / トランプル / ブラッドセイバー,守りのミンネ / 戦いのエール,H-L,,,,,,,,,,
ClayClay,L,1,ダークヤング,81,亜2,https://eldersign.jp/img/mi/p/f0/055_dark-young_2g4.png,アウターベイン / インクリーズ / トランプル / 光のベール,守りのミンネ / 戦いのエール,H-L,,,,,,,,,,
ClayClay,L,1,ハンティングホラー,81,亜2,https://eldersign.jp/img/mi/p/f1/100_hunting-horror_2g4.png,ハウリングムーン / プレイグ / ミラーズ / ユロール,守りのミンネ / 心の壁,H-L,,,,,,,,,,
ClayClay,L,1,イタクァ,90,亜2,https://eldersign.jp/img/mi/p/f0/079_ithaqua_2g4.png,インクリーズ / シードハウザー / タイダルフロウ / プロテクトディザスター / 光の楔,守りのミンネ / 心の壁,H-L,,,,,,,,,,
キャスさん,E,4,芯なる護り手,90,亜2,https://eldersign.jp/img/mi/p/f0/049_brass-dragon_2g4.png,グランドスラム / スキュアー / トランプル / ヴェンデッタ / 光のベール,守りのミンネ / 戦いのエール,A-E,E-F,E-K,E-L,,,,,,,
キャスさん,E,4,絶対の大禍鬼,90,亜1,https://eldersign.jp/img/mi/p/f0/096_tiamat_1g7.png,ウォークライ / シャドウレイド / スキュアー / トランプル / ブラッドセイバー,守りのミンネ / 戦いのエール,A-E,E-F,E-K,E-L,,,,,,,
キャスさん,E,4,流転の証明者,90,亜2,https://eldersign.jp/img/mi/p/f1/110_bastet_2g4.png,カラカス / ヒーリングヘイズ / マウ・バスト / ヴェンデッタ / 光のベール,クィックオーダー / 地味づくり / 守りのミンネ / 心の壁 / 戦いのエール,A-E,E-F,E-K,E-L,,,,,,,
キャスさん,E,4,星を待つ道程,81,亜1,https://eldersign.jp/img/mi/p/f0/046_simorgh_1g4.png,カラカス / 光のベール / 光の楔 / 日光浴 / 月光浴,クィックオーダー / 地味づくり / 守りのミンネ / 戦いのエール,A-E,E-F,E-K,E-L,,,,,,,
キャスさん,E,2,ディーファの自由帳,86,亜2,https://eldersign.jp/img/mi/p/f1/122_barometz_2g7.png,ゴールデンフリース / ブラッドセイバー / 光のベール / 光の楔 / 光合成,レジストポイズン / 守りのミンネ / 心の壁,B-E,E-J,,,,,,,,,
キャスさん,E,2,Maulohse.Zwei,90,亜1,https://eldersign.jp/img/mi/p/f0/040_alrunes_1g7.png,ストーンレイン / 光の刻印 / 蒼穹の光輪,レジストポイズン / 守りのミンネ / 戦いのエール,B-E,E-J,,,,,,,,,
キャスさん,E,2,星を視る者,90,亜2,https://eldersign.jp/img/mi/p/f0/040_alrunes_2g7.png,ストーン / ストーンレイン / フサリア / ホワイトインペール / 光の刻印,バインドブレイス / ライトシギル / 心の壁 / 戦いのエール,B-E,E-J,,,,,,,,,
キャスさん,E,2,芯海の英雄,70,亜1,https://eldersign.jp/img/mi/g/f0/089_treant_1g7.png,キャンセレイション / リフレッシュフィールド / 光のベール / 光の楔 / 光合成,レジストポイズン / 守りのミンネ / 心の壁,B-E,E-J,,,,,,,,,
キャスさん,E,3,黒い仔山羊,90,亜2,https://eldersign.jp/img/mi/p/f0/055_dark-young_2g4.png,インクリーズ / スキュアー / トランプル / ベノムスパイン / 光のベール,守りのミンネ / 戦いのエール,C-E,E-H,E-I,,,,,,,,
キャスさん,E,5,大災の化身,90,亜2,https://eldersign.jp/img/mi/p/f0/056_dhole_2g4.png,インクリーズ / グランドスラム / トランプル / ブラッドセイバー / 光のベール,守りのミンネ / 戦いのエール,C-E,D-E,E-G,E-H,E-I,,,,,,
キャスさん,E,2,天従のウィースルゥイン (1),90,亜2,https://eldersign.jp/img/mi/p/f0/066_atlach-nacha_2g4.png,アンブッシュ / グランドスラム / ユロール / 光の刻印,守りのミンネ / 心の壁 / 戦いのエール,C-E,E-G,,,,,,,,,
キャスさん,E,1,天従のウィースルゥイン (2),90,亜2,https://eldersign.jp/img/mi/p/f0/066_atlach-nacha_2g4.png,インクリーズ / プロテクトディザスター,守りのミンネ / 戦いのエール,D-E,,,,,,,,,,
キャスさん,E,2,第十四位相守護者,90,亜1,https://eldersign.jp/img/mi/p/f0/053_fsm_1g4.png,ディスペル / プロテクトディザスター / ミラーズ / 光のベール / 闇のベール,ハートオブフレイム / リジェネレイト / 守りのミンネ / 心の壁,C-E,E-I,,,,,,,,,
キャスさん,E,2,礎の王格,90,亜1,https://eldersign.jp/img/mi/p/f0/056_dhole_1g7.png,インクリーズ / スキュアー / トランプル / 光のベール / 光の楔,守りのミンネ / 戦いのエール,D-E,E-G,,,,,,,,,
キャスさん,E,2,大いなる闇の虚像,90,亜2,https://eldersign.jp/img/mi/p/f0/057_arch-displacers_2g7.png,アンブッシュ / フォトケミカルスモッグ / ユロール / 光のベール / 光の楔,ハートオブフレイム / リジェネレイト / 守りのミンネ / 心の壁,D-E,E-G,,,,,,,,,
キャスさん,E,2,殺せない獣マギ・サ,89,亜2,https://eldersign.jp/img/mi/p/f0/066_atlach-nacha_2g4.png,アンブッシュ / ユロール / ルールオブドリームス / 光のベール / 光の楔,リジェネレイト / 心の棘,E-H,E-I,,,,,,,,,
キャスさん,E,1,第十五位相守護者,90,亜2,https://eldersign.jp/img/mi/p/f0/053_fsm_2g4.png,ゼルハ / プロテクトディザスター / ミラーズ / 光の楔 / 闇の結界,ハートオブフレイム / リジェネレイト,E-H,,,,,,,,,,
センカ,D,2,迷穀,74,亜1,https://eldersign.jp/img/mi/p/f0/055_dark-young_1g4.png,スキュアー / スタンピード / トランプル / ニグラーヌ / ヒカップ,カウンター / ハートオブフレイム / 守りのミンネ / 戦いのエール,A-D,D-H,,,,,,,,,
センカ,D,5,リャオタン,73,亜2,https://eldersign.jp/img/mi/p/f0/054_hounds-of-tindalos_2g4.png,スキュアー / スタンピード / トランプル / ルルハラント / 光のベール,クィックオーダー / バナナフロート / ライトシギル / 守りのミンネ / 悪目立ち / 戦いのエール,A-D,D-E,D-F,D-I,D-L,,,,,,
センカ,D,8,骨喰怪人ボーンリーパーβ,87,亜1,https://eldersign.jp/img/mi/p/f1/100_hunting-horror_1g4.png,アンブッシュ / ウラザイス / ガティス / 滅びの翼 / 闇の結界,HPブースト / アクアノート / クィックオーダー / ダークシギル / 命中ブースト / 心の棘 / 防御ブースト / 魔力ブースト,A-D,B-D,D-E,D-F,D-I,D-J,D-K,D-L,,,
センカ,D,6,骨喰怪人ボーンリーパーα,84,亜1,https://eldersign.jp/img/mi/p/f1/100_hunting-horror_1g4.png,ウラザイス / ガティス / ミラーズ / ユロール / 滅びの翼,HPブースト / クィックオーダー / 心の棘 / 魔力ブースト,A-D,B-D,D-E,D-F,D-I,D-L,,,,,
センカ,D,6,扶桑,90,亜1,https://eldersign.jp/img/mi/p/f0/055_dark-young_1g4.png,インクリーズ / スタンピード / トランプル / ブラッドセイバー / 光のベール,アクアノート / ライトシギル / 守りのミンネ / 戦いのエール,B-D,C-D,D-F,D-G,D-I,D-J,,,,,
センカ,D,1,ガンダルフ,73,亜1,https://eldersign.jp/img/mi/p/f0/079_ithaqua_1g4.png,トランキリティ,フレイムアシスト / フレイムバリア,B-D,,,,,,,,,,
センカ,D,4,エオヒド,90,亜2,https://eldersign.jp/img/mi/p/f0/044_ankou_2g7.png,パリィ / パンデミック / フウ・フォーレ / 早瀬 / 桜花泡影,バナナフロート / フレイムシギル / 防火布,C-D,D-G,D-H,D-J,,,,,,,
センカ,D,3,ムニン,86,亜2,https://eldersign.jp/img/mi/p/f0/039_ariel_2g7.png,セメタリーゲート / テンペスト / フェアリーエイド / フサリア / ホワイトインペール,守りのミンネ / 戦いのエール,C-D,D-G,D-H,,,,,,,,
センカ,D,3,ヴィラ館山,60,亜2,https://eldersign.jp/img/mi/p/f0/041_rusalka_2g4.png,アイスコメット / フラッド / ペイルムーン / メイルストロム,コールドシギル,C-D,D-G,D-H,,,,,,,,
センカ,D,2,鹿尾菜,90,亜1,https://eldersign.jp/img/mi/p/f1/128_dark-sargassum_1g4.png,エンバール / シャドウスティール / ゼルハ / ベノムスパイン / ミラーズ,守りのミンネ / 戦いのエール,D-E,D-L,,,,,,,,,
センカ,D,1,フギン,90,亜1,https://eldersign.jp/img/mi/p/f0/099_valkyyrja_1g4.png,アースクェイク / エインヘリヤル / スキュアー / ステイシス / ヴァルキリージャベリン,バナナフロート / ライトシギル,D-J,,,,,,,,,,
センカ,D,1,春愁,80,原,https://eldersign.jp/img/mi/p/f0/058_floweyu_0g4.png,セメタリーゲート / デルバイス,命中ブースト / 心の棘,D-K,,,,,,,,,,
センカ,D,1,ナアマ,70,亜1,https://eldersign.jp/img/mi/p/f0/043_succubus_1g4.png,デルバイス / 滅びの翼,心の壁 / 心の棘,D-K,,,,,,,,,,
センカ,D,1,ナムスギル,79,亜2,https://eldersign.jp/img/mi/p/f0/084_goblin-king_2g4.png,パンデミック,フレイムシギル / 防火布,D-K,,,,,,,,,,
カリスト,F,3,シヴ山のドラゴン,90,亜2,https://eldersign.jp/img/mi/p/f0/049_brass-dragon_2g4.png,インクリーズ / スキュアー / トランプル / ベノムスパイン / ヴェンデッタ,守りのミンネ / 戦いのエール,A-F,B-F,F-I,,,,,,,,
カリスト,F,3,Hydra,90,亜1,https://eldersign.jp/img/mi/p/f0/048_hydra_1g4.png,ウォークライ / グランドスラム / スキュアー / トランプル / ブラッドセイバー,守りのミンネ / 戦いのエール,A-F,B-F,F-I,,,,,,,,
カリスト,F,3,勝利の女神NIKKE,90,亜1,https://eldersign.jp/img/mi/p/f0/042_peri_1g7.png,アウェイクニング / アウローラ / ステイシス / 光のベール / 光の楔,クィックオーダー / コールドシギル / ドルフィンフロート / ボディケア / 守りのミンネ / 心の壁,A-F,F-J,F-L,,,,,,,,
カリスト,F,3,夢魔の主,90,亜1,https://eldersign.jp/img/mi/p/f0/043_succubus_1g4.png,アウローラ / ヒヤデスウィンド / ブラッドムーン / 光のベール / 光の楔,クィックオーダー / バナナフロート / フレイムシギル / ボディケア / 守りのミンネ / 心の壁,A-F,F-J,F-L,,,,,,,,
カリスト,F,2,Simorgh,90,亜1,https://eldersign.jp/img/mi/p/f0/046_simorgh_1g7.png,アンダートウ / アースクェイク / カラカス / ステイシス / 日光浴,守りのミンネ / 戦いのエール,B-F,F-I,,,,,,,,,
カリスト,F,1,CatsOfUlthar,70,原,https://eldersign.jp/img/mi/g/f0/065_cats-of-ulthar_0g7.png,カラカス / フォトケミカルスモッグ / 光のベール / 光の楔 / 月光浴,守りのミンネ / 戦いのエール,B-F,,,,,,,,,,
カリスト,F,5,地を喰らうスピキ,90,亜1,https://eldersign.jp/img/mi/p/f0/056_dhole_1g4.png,インクリーズ / グランドスラム / スキュアー / トランプル / ブラッドセイバー,守りのミンネ / 戦いのエール,C-F,D-F,E-F,F-H,F-K,,,,,,
カリスト,F,4,畝の後ろを往くモノ,90,亜1,https://eldersign.jp/img/mi/p/f0/055_dark-young_1g7.png,インクリーズ / スキュアー / トランキリティ / トランプル / 光の楔,守りのミンネ / 心の壁 / 戦いのエール,C-F,F-G,F-H,F-K,,,,,,,
カリスト,F,2,星のスピキ擬態型,90,亜2,https://eldersign.jp/img/mi/p/f0/052_star-vampire_2g7.png,アンブッシュ / ミラーズ / 光の楔,クィックオーダー / ボディケア,C-F,F-H,,,,,,,,,
カリスト,F,5,食屍鬼の眼ゲニ＝ゲバ,90,亜1,https://eldersign.jp/img/mi/p/f0/053_fsm_1g7.png,シュリンク / ミラーズ / ユロール / 闇の楔 / 闇の結界,ハートオブフレイム / リジェネレイト / 守りのミンネ / 心の壁,C-F,D-F,E-F,F-G,F-H,,,,,,
カリスト,F,2,鋭角より出でしスヒ゜キ,89,亜1,https://eldersign.jp/img/mi/p/f0/054_hounds-of-tindalos_1g7.png,インクリーズ / ルルハラント / 光のベール / 光の楔 / 熱傷,守りのミンネ / 戦いのエール,D-F,E-F,,,,,,,,,
カリスト,F,3,比良坂初音,90,亜2,https://eldersign.jp/img/mi/p/f0/066_atlach-nacha_2g4.png,シュリンク / ミラーズ / ユロール / 光のベール / 光の楔,ハートオブフレイム / リジェネレイト / 守りのミンネ / 心の壁,D-F,E-F,F-K,,,,,,,,
カリスト,F,1,さらに畝の後ろを往くモノ,90,亜1,https://eldersign.jp/img/mi/p/f0/055_dark-young_1g4.png,インクリーズ / スキュアー / ディスペル / トランプル / ベノムスパイン,守りのミンネ / 戦いのエール,F-G,,,,,,,,,,
カリスト,F,1,ElderThing,90,亜1,https://eldersign.jp/img/mi/p/f0/051_old-one_1g4.png,シュリンク / トランキリティ / ミラーズ / ユロール / 闇の結界,守りのミンネ / 心の壁,F-G,,,,,,,,,,
カリスト,F,1,バステト,77,亜2,https://eldersign.jp/img/mi/p/f1/110_bastet_2g4.png,光の楔 / 日光浴,守りのミンネ / 戦いのエール,F-I,,,,,,,,,,
カリスト,F,2,ゴブリンロード,90,亜2,https://eldersign.jp/img/mi/p/f0/084_goblin-king_2g7.png,ストーン / ストーンレイン / ホワイトインペール / ルルハラント / 蒼穹の光輪,バナナフロート / ライトシギル / 守りのミンネ / 戦いのエール,F-J,F-L,,,,,,,,,
カリスト,F,2,ゴブリンエンペラー,90,亜2,https://eldersign.jp/img/mi/p/f0/084_goblin-king_2g7.png,ストーン / ストーンレイン / ライタスネス / ルルハラント / 蒼穹の光輪,バナナフロート / ライトシギル / 守りのミンネ / 戦いのエール,F-J,F-L,,,,,,,,,
カリスト,F,1,復活の淫夢くんUC,90,亜2,https://eldersign.jp/img/mi/p/f0/057_arch-displacers_2g7.png,シュリンク / フォトケミカルスモッグ / プロテクトディザスター / ルルハラント / 光のベール,守りのミンネ / 心の壁,F-K,,,,,,,,,,
タカヤマン,A,3,ダークヤング／紺狐,90,亜1,https://eldersign.jp/img/mi/p/f0/055_dark-young_1g7.png,インクリーズ / スキュアー / トランプル / プロテクトディザスター / 光の楔,守りのミンネ / 戦いのエール,A-B,A-D,A-E,,,,,,,,
タカヤマン,A,4,ダークヤング／緑狸,90,亜2,https://eldersign.jp/img/mi/p/f0/055_dark-young_2g7.png,インクリーズ / グランドスラム / スキュアー / トランプル / ブラッドセイバー,守りのミンネ / 戦いのエール,A-B,A-D,A-E,A-G,,,,,,,
タカヤマン,A,2,アークディスプレイサー壱号,90,亜1,https://eldersign.jp/img/mi/p/f0/057_arch-displacers_1g7.png,アンブッシュ / ディスペル / ユロール / 光のベール / 光の楔,HPブースト / クィックオーダー,A-B,A-E,,,,,,,,,
タカヤマン,A,2,アークディスプレイサー参号,90,亜1,https://eldersign.jp/img/mi/p/f0/057_arch-displacers_1g7.png,ステイシス / 光のベール,HPブースト / クィックオーダー,A-B,A-E,,,,,,,,,
タカヤマン,A,3,ゴブリンキング【A】,90,亜1,https://eldersign.jp/img/mi/p/f0/084_goblin-king_1g7.png,アゼランザ / スキュアー / ストーンレイン / フィースト / リフレッシュフィールド,守りのミンネ / 戦いのエール,A-C,A-H,A-J,,,,,,,,
タカヤマン,A,3,ゴブリンキング【B】,90,亜2,https://eldersign.jp/img/mi/p/f0/084_goblin-king_2g4.png,ストーン / ストーンレイン / ブラッドセイバー / ルルハラント / ルールオブドリームス,守りのミンネ / 戦いのエール,A-C,A-H,A-J,,,,,,,,
タカヤマン,A,3,ゴブリンキング【C】,90,亜2,https://eldersign.jp/img/mi/p/f0/084_goblin-king_2g7.png,アウローラ / ストーンレイン / ネクロラトリー / フェアリーエイド / 光の楔,クィックオーダー / ボディケア,A-C,A-H,A-J,,,,,,,,
タカヤマン,A,3,サキュバスクイーン,90,亜2,https://eldersign.jp/img/mi/p/f0/043_succubus_2g7.png,アウローラ / サルガッソー / フェアリーエイド / フォトケミカルスモッグ / 光のベール,クィックオーダー / メンタルケア,A-C,A-H,A-J,,,,,,,,
タカヤマン,A,1,F.S.M.～②,90,亜2,https://eldersign.jp/img/mi/p/f0/053_fsm_2g7.png,テンペスト / フォトケミカルスモッグ / ミラーズ / ユロール / 光の楔,ハートオブフレイム / リジェネレイト,A-D,,,,,,,,,,
タカヤマン,A,2,ダークサルガッスム,90,亜1,https://eldersign.jp/img/mi/p/f1/128_dark-sargassum_1g7.png,アンブッシュ / ゼルハ / ミラーズ / 光のベール / 光の楔,ハートオブフレイム / リジェネレイト / 守りのミンネ,A-D,A-G,,,,,,,,,
タカヤマン,A,1,ハイドラ？？,90,亜1,https://eldersign.jp/img/mi/p/f0/048_hydra_1g4.png,アースクェイク / ウォークライ / スキュアー / フォトケミカルスモッグ / ブラッドセイバー,守りのミンネ / 戦いのエール,A-F,,,,,,,,,,
タカヤマン,A,2,ハイドラ！,90,亜2,https://eldersign.jp/img/mi/p/f0/048_hydra_2g7.png,アースクェイク / インクリーズ / グランドスラム / スキュアー / トランプル,守りのミンネ / 戦いのエール,A-F,A-I,,,,,,,,,
タカヤマン,A,1,シルバードラゴン／吼,90,亜1,https://eldersign.jp/img/mi/p/f0/050_silver-dragon_1g7.png,ヴェンデッタ,クィックオーダー / メンタルケア,A-F,,,,,,,,,,
タカヤマン,A,3,ウルタールの猫／あお,70,原,https://eldersign.jp/img/mi/g/f0/065_cats-of-ulthar_0g7.png,フライト / リフレッシュフィールド / 光のベール / 光の楔 / 月光浴,クィックオーダー / メンタルケア / ローズイズレッド / 守りのミンネ,A-F,A-I,A-K,,,,,,,,
タカヤマン,A,1,ドール？？,90,亜1,https://eldersign.jp/img/mi/p/f0/056_dhole_1g4.png,アースクェイク / インクリーズ / カロウシブスピット / トランキリティ / ブラッドセイバー,守りのミンネ / 戦いのエール,A-G,,,,,,,,,,
タカヤマン,A,1,F.S.M.～③,90,亜1,https://eldersign.jp/img/mi/p/f0/053_fsm_1g4.png,ハウリングムーン / ユロール / 光のベール / 追い風 / 闇の結界,守りのミンネ / 心の棘,A-G,,,,,,,,,,
タカヤマン,A,1,ハイドラ！？,90,亜1,https://eldersign.jp/img/mi/p/f0/048_hydra_1g4.png,アースクェイク / ウォークライ / スキュアー / ダルバドーハ / ラーヴァフロウ,守りのミンネ / 戦いのエール,A-I,,,,,,,,,,
タカヤマン,A,1,クン・アヌン／黒,70,亜1,https://eldersign.jp/img/mi/g/f0/026_cwn-annwn_1g7.png,ニグラーヌ / 光のベール / 炎のベール,ローズイズレッド / 守りのミンネ,A-I,,,,,,,,,,
タカヤマン,A,1,バステト／泪,90,亜2,https://eldersign.jp/img/mi/p/f1/110_bastet_2g7.png,ナインライヴズ / ホワイトインペール / マウ・バスト / ヴェンデッタ / 光のベール,守りのミンネ / 戦いのエール,A-K,,,,,,,,,,
タカヤマン,A,1,バステト／瞳,90,亜2,https://eldersign.jp/img/mi/p/f1/110_bastet_2g7.png,ペイルムーン / ホワイトインペール / マウ・バスト / ヴァルキリージャベリン / ヴェンデッタ,守りのミンネ / 戦いのエール,A-K,,,,,,,,,,
タカヤマン,A,1,バステト／愛,90,亜1,https://eldersign.jp/img/mi/p/f1/110_bastet_1g4.png,カラカス / ナインライヴズ / フォトケミカルスモッグ / マウ・バスト / 日光浴,守りのミンネ / 戦いのエール,A-K,,,,,,,,,,
タカヤマン,A,1,アンクー攻撃,16,亜1,https://eldersign.jp/img/mi/p/f0/044_ankou_1g4.png,デスサイズ,フェアリークッキー,A-L,,,,,,,,,,
タカヤマン,A,1,ティンダロスハウンド@,89,亜1,https://eldersign.jp/img/mi/p/f0/054_hounds-of-tindalos_1g4.png,光のベール,アウタークッキー,A-L,,,,,,,,,,
タカヤマン,A,1,プチショゴス (1),38,,,,ヴァイオレッツブルー / 守りのミンネ,A-L,,,,,,,,,,
タカヤマン,A,1,プチショゴス (2),38,,,,ローズイズレッド / ヴァイオレッツブルー,A-L,,,,,,,,,,
ユウア,K,1,ꨄ︎,62,亜2,https://eldersign.jp/img/mi/g/f0/034_shoggoth_2g7.png,エルフショット / オブシニティ / ネクロラトリー / フォトケミカルスモッグ / ブラッドセイバー,守りのミンネ / 心の棘,A-K,,,,,,,,,,
ユウア,K,1,৻ꪆ,70,原,https://eldersign.jp/img/mi/g/f0/034_shoggoth_0g7.png,エルフショット / オブシニティ / ベノムスクラッチ / ユロール / 闇の結界,守りのミンネ / 心の棘,A-K,,,,,,,,,,
ユウア,K,1,✮,73,亜2,https://eldersign.jp/img/mi/p/f0/052_star-vampire_2g4.png,アンブッシュ / ミラーズ / 闇のベール / 闇の楔 / 闇の結界,HPブースト / クィックオーダー,A-K,,,,,,,,,,
ユウア,K,1,⫘,90,亜1,https://eldersign.jp/img/mi/p/f0/066_atlach-nacha_1g4.png,シュリンク / ミラーズ / ユロール / ルールオブドリームス / 闇の結界,ハートオブフレイム / リジェネレイト,A-K,,,,,,,,,,
ユウア,K,4,♔ (1),90,亜1,https://eldersign.jp/img/mi/p/f0/049_brass-dragon_1g4.png,シャドウレイド / スキュアー / トランプル / ブラッドセイバー / ヴェンデッタ,守りのミンネ / 戦いのエール,B-K,D-K,I-K,K-L,,,,,,,
ユウア,K,1,♔ (2),90,亜1,https://eldersign.jp/img/mi/p/f0/049_brass-dragon_1g4.png,シャドウレイド / スキュアー / トランプル / ブラッドセイバー / ベノムスクラッチ,守りのミンネ / 戦いのエール,H-K,,,,,,,,,,
ユウア,K,5,♚,90,亜1,https://eldersign.jp/img/mi/p/f0/049_brass-dragon_1g4.png,シャドウレイド / スキュアー / トランプル / ヒカップ / ヴェンデッタ,守りのミンネ / 戦いのエール,B-K,D-K,H-K,I-K,K-L,,,,,,
ユウア,K,4,ཐིཋྀ,90,亜1,https://eldersign.jp/img/mi/p/f0/099_valkyyrja_1g7.png,リフレッシュフィールド / ロックスロー / ヴァルキリージャベリン / ヴェンデッタ / 光の楔,ミラージュ / リジェネレイト,B-K,D-K,I-K,K-L,,,,,,,
ユウア,K,5,ঌ,90,亜1,https://eldersign.jp/img/mi/p/f0/042_peri_1g4.png,アウローラ / エルフショット / ホワイトインペール / 光のベール / 光の楔,HPブースト / クィックオーダー / コールドアシスト / レジストスリープ,B-K,D-K,I-K,J-K,K-L,,,,,,
ユウア,K,1,ꕀ,90,亜1,https://eldersign.jp/img/mi/p/f0/055_dark-young_1g7.png,インクリーズ / エンバール / スキュアー / スタンピード / ブラッドセイバー,守りのミンネ / 戦いのエール,C-K,,,,,,,,,,
ユウア,K,1,ꕁ,90,亜2,https://eldersign.jp/img/mi/p/f0/055_dark-young_2g7.png,インクリーズ / エンバール / スキュアー / スタンピード / ベノムスクラッチ,ハートオブフレイム / リジェネレイト,C-K,,,,,,,,,,
ユウア,K,1,☈,90,亜1,https://eldersign.jp/img/mi/p/f0/057_arch-displacers_1g4.png,アンブッシュ / フォトケミカルスモッグ / 光のベール / 光の楔 / 闇の結界,クィックオーダー / 地味づくり,C-K,,,,,,,,,,
ユウア,K,1,Ꮹ,31,原,https://eldersign.jp/img/mi/s/f1/103_last-survivor_0g7.png,ステイシス / プレイグ / プロテクトディザスター / ユロール,クィックオーダー / 地味づくり,C-K,,,,,,,,,,
ユウア,K,1,ꕥ,90,亜1,https://eldersign.jp/img/mi/p/f0/056_dhole_1g4.png,アースクェイク / インクリーズ / スキュアー / トランプル / ブラッドセイバー,守りのミンネ / 戦いのエール,E-K,,,,,,,,,,
ユウア,K,1,ꕤ,90,亜2,https://eldersign.jp/img/mi/p/f0/056_dhole_2g4.png,アースクェイク / インクリーズ / スキュアー / トランプル / ベノムスクラッチ,守りのミンネ / 戦いのエール,E-K,,,,,,,,,,
ユウア,K,1,⚕,90,亜1,https://eldersign.jp/img/mi/p/f1/100_hunting-horror_1g4.png,アンブッシュ / ミラーズ / ユロール / 光のベール,クィックオーダー / 地味づくり,E-K,,,,,,,,,,
ユウア,K,1,༒︎,90,亜2,https://eldersign.jp/img/mi/p/f1/100_hunting-horror_2g4.png,ゼルハ / フォトケミカルスモッグ / プロテクトディザスター / ユロール,クィックオーダー / 地味づくり,E-K,,,,,,,,,,
ユウア,K,1,Φ,90,亜2,https://eldersign.jp/img/mi/p/f1/110_bastet_2g7.png,アイギスシールド / ペイルムーン / ムーランルージュ / 光のベール / 蒼穹の光輪,守りのミンネ / 心の壁,F-K,,,,,,,,,,
ユウア,K,1,φ,90,亜1,https://eldersign.jp/img/mi/p/f1/110_bastet_1g7.png,パンデミック / ブラッドムーン / マウ・バスト / ムーランルージュ / 蒼穹の光輪,守りのミンネ / 心の壁,F-K,,,,,,,,,,
ユウア,K,1,Փ,78,亜1,https://eldersign.jp/img/mi/p/f1/110_bastet_1g4.png,カラカス / ナインライヴズ / プレイグ / ルルハラント / 火葬,HPブースト / クィックオーダー,F-K,,,,,,,,,,
ユウア,K,1,ฅ,70,亜1,https://eldersign.jp/img/mi/g/f0/065_cats-of-ulthar_1g7.png,カラカス / サルガッソー / ナインライヴズ / プレイグ / 月光浴,クィックオーダー / 地味づくり,F-K,,,,,,,,,,
ユウア,K,1,໒,80,亜2,https://eldersign.jp/img/mi/p/f0/096_tiamat_2g4.png,アースクェイク / ウォークライ / シャドウレイド / スキュアー / トランプル,守りのミンネ / 戦いのエール,G-K,,,,,,,,,,
ユウア,K,1,◈,89,亜1,https://eldersign.jp/img/mi/p/f0/048_hydra_1g7.png,アースクェイク / ウォークライ / スキュアー / トランプル / ブラッドセイバー,守りのミンネ / 戦いのエール,G-K,,,,,,,,,,
ユウア,K,2,␥,86,亜2,https://eldersign.jp/img/mi/p/f0/046_simorgh_2g4.png,カラカス / トランキリティ / ドラゴニックロア / ヴェンデッタ / 日光浴,クィックオーダー / 地味づくり,G-K,H-K,,,,,,,,,
ユウア,K,2,ಣ,69,原,https://eldersign.jp/img/mi/g/f0/065_cats-of-ulthar_0g7.png,フライト / リフレッシュフィールド / 光のベール / 光の楔 / 月光浴,クィックオーダー / 地味づくり,G-K,H-K,,,,,,,,,
ユウア,K,1,˚.꒰,85,亜2,https://eldersign.jp/img/mi/p/f0/084_goblin-king_2g4.png,ストーンレイン / ベノムスクラッチ / ペイルムーン / 光の刻印 / 蒼穹の光輪,守りのミンネ / 戦いのエール,J-K,,,,,,,,,,
ユウア,K,1,꒱.˚,85,亜2,https://eldersign.jp/img/mi/p/f0/084_goblin-king_2g4.png,ストーンレイン / ベノムスクラッチ / ペイルムーン / 光の刻印 / 蒼穹の光輪,守りのミンネ / 戦いのエール,J-K,,,,,,,,,,
ユウア,K,1,⊹,68,原,https://eldersign.jp/img/mi/g/f1/109_hobgoblin_0g7.png,アウェイクニング / アウローラ / ストーンレイン / フォトケミカルスモッグ / 光の楔,クィックオーダー / 地味づくり,J-K,,,,,,,,,,
ポリープ,J,7,ラストサバイバーa,70,亜2,https://eldersign.jp/img/mi/g/f1/103_last-survivor_2g7.png,アンブッシュ / ベノムスクラッチ / 光のベール / 熱傷 / 闇のベール,クィックオーダー / バナナフロート / 地味づくり / 心の壁 / 戦いのエール / 遮光布,A-J,B-J,C-J,D-J,G-J,H-J,J-K,,,,
ポリープ,J,8,ダークヤング,90,亜2,https://eldersign.jp/img/mi/p/f0/055_dark-young_2g4.png,インクリーズ / トランプル / プロテクトディザスター / ベノムスクラッチ / ベノムスパイン,守りのミンネ / 戦いのエール,A-J,B-J,C-J,D-J,G-J,H-J,I-J,J-K,,,
ポリープ,J,4,アークディスプレイサー,70,原,https://eldersign.jp/img/mi/g/f0/057_arch-displacers_0g4.png,スリープクラウド / ハウリングムーン / フォトケミカルスモッグ / ホロウワールド / 光のベール,バナナフロート / 遮光布,A-J,C-J,D-J,H-J,,,,,,,
ポリープ,J,7,ダークサルガッスム,76,亜1,https://eldersign.jp/img/mi/p/f1/128_dark-sargassum_1g4.png,エンバール / クリアランス / ゼルハ / 光のベール / 光の楔,ダークシギル / ディレイオーダー / バナナフロート / 夜光布 / 守りのミンネ / 戦いのエール / 遮光布,A-J,B-J,C-J,E-J,F-J,G-J,J-K,,,,
ポリープ,J,1,ハンティングホラー本体,70,原,https://eldersign.jp/img/mi/g/f1/100_hunting-horror_0g4.png,ウラザイス / ミラーズ / ユロール / 闇の刻印 / 闇の結界,バナナフロート / 遮光布,B-J,,,,,,,,,,
ポリープ,J,4,I.P.U.,70,亜1,https://eldersign.jp/img/mi/g/f1/111_ipu_1g4.png,ヒーリングスパイク / フォトケミカルスモッグ / ミラーズ / ユロール / 光のベール,クィックオーダー / バナナフロート / 地味づくり / 遮光布,D-J,G-J,H-J,J-K,,,,,,,
ポリープ,J,2,ミルメコレオン本体,70,亜1,https://eldersign.jp/img/mi/g/f1/107_myrmecoleon_1g7.png,アウターキラー / スキュアー / チャージ / 光の刻印,命中ブースト / 戦いのエール,E-J,F-J,,,,,,,,,
ポリープ,J,2,F.S.M.,86,亜1,https://eldersign.jp/img/mi/p/f0/053_fsm_1g4.png,ヒーリング / フサリア / 光の楔,心の壁 / 心の棘,E-J,F-J,,,,,,,,,
ポリープ,J,2,アトラク＝ナクア,70,原,https://eldersign.jp/img/mi/g/f0/066_atlach-nacha_0g4.png,ゴッサマーチェイン / 闇の刻印 / 闇の楔,ダークシギル / 夜光布 / 心の棘 / 魔力ブースト,E-J,F-J,,,,,,,,,
ポリープ,J,1,ティンダロスハウンド,90,亜2,https://eldersign.jp/img/mi/p/f0/054_hounds-of-tindalos_2g1.png,ディスペル / フォトケミカルスモッグ / ブラッドセイバー / ベノムスクラッチ,バナナフロート / 遮光布,I-J,,,,,,,,,,
ポリープ,J,1,オールドワン,70,原,https://eldersign.jp/img/mi/g/f0/051_old-one_0g7.png,インクリーズ / エルフショット / ヒーリング / ユロール,ディレイオーダー / 守りのミンネ,I-J,,,,,,,,,,
ポリープ,J,2,スターヴァンパイア,85,亜2,https://eldersign.jp/img/mi/p/f0/052_star-vampire_2g4.png,アンブッシュ / インクリーズ / セメタリーゲート / テンペスト / 光のベール,バナナフロート / 命中ブースト / 戦いのエール / 遮光布,I-J,J-L,,,,,,,,,
ポリープ,J,1,ドール,90,亜1,https://eldersign.jp/img/mi/p/f0/056_dhole_1g4.png,アースクェイク / トランプル / ブラッドセイバー / プロテクトディザスター / ベノムスパイン,守りのミンネ / 戦いのエール,J-L,,,,,,,,,,
ポリープ,J,1,ハイドラ,70,原,https://eldersign.jp/img/mi/g/f0/048_hydra_0g7.png,アースクェイク / スキュアー / スタンピード / チャージ / ベノムスティング,守りのミンネ / 戦いのエール,J-L,,,,,,,,,,
ポリープ,J,1,ティアマト,82,亜2,https://eldersign.jp/img/mi/p/f0/096_tiamat_2g4.png,アースクェイク / ラーヴァフロウ / 燐火,フレイムアシスト / フレイムバリア,J-L,,,,,,,,,,
pmg,B,1,真鍮色のドラゴン,90,亜1,https://eldersign.jp/img/mi/p/f0/049_brass-dragon_1g7.png,スキュアー / チャージ,リジェネレイト / 戦いのエール,A-B,,,,,,,,,,
pmg,B,1,ワンパンマン（クエスト用）,90,亜2,https://eldersign.jp/img/mi/p/f0/045_pazuzu_2g4.png,アウターキラー / アースクェイク / チャージ / ヴェンデッタ,守りのミンネ / 戦いのエール,A-B,,,,,,,,,,
pmg,B,1,バステト,70,原,https://eldersign.jp/img/mi/g/f1/110_bastet_0g7.png,アンダートウ / カラカス / マウ・バスト / 日光浴,クィックオーダー,A-B,,,,,,,,,,
pmg,B,1,ペリ,90,亜1,https://eldersign.jp/img/mi/p/f0/042_peri_1g4.png,カラカス / ヴェンデッタ / 光の楔,クィックオーダー,A-B,,,,,,,,,,
pmg,B,5,モグランガー,90,亜1,https://eldersign.jp/img/mi/p/f0/056_dhole_1g7.png,インクリーズ / ガッシマ / スタンピード / トランプル / 超超低周波,守りのミンネ / 戦いのエール,B-C,B-F,B-G,B-H,B-K,,,,,,
pmg,B,5,ネグランガー,90,亜1,https://eldersign.jp/img/mi/p/f0/056_dhole_1g4.png,アンブッシュ / インクリーズ / スタンピード / トランプル / 熱傷,守りのミンネ / 戦いのエール,B-C,B-F,B-G,B-H,B-K,,,,,,
pmg,B,3,ガッシムパープル,90,亜1,https://eldersign.jp/img/mi/p/f0/055_dark-young_1g4.png,インクリーズ / プロテクトディザスター / メガリス / 光の楔 / 火葬,守りのミンネ / 戦いのエール,B-C,B-F,B-K,,,,,,,,
pmg,B,5,ねグりん,90,亜1,https://eldersign.jp/img/mi/p/f0/056_dhole_1g4.png,アンブッシュ / インクリーズ / ハウリングムーン / フサリア / ミラーズ,レジストスリープ / 敏捷ブースト,B-C,B-F,B-G,B-H,B-K,,,,,,
pmg,B,5,バンシー,70,亜2,https://eldersign.jp/img/mi/g/f0/097_banshee_2g7.png,ウィンドボルト / セメタリーゲート / フォトケミカルスモッグ / 悪魔のトリル / 滅びの翼,ミラージュ / 心の棘,B-D,B-E,B-I,B-J,B-L,,,,,,
pmg,B,5,サキュバス,90,亜2,https://eldersign.jp/img/mi/p/f0/043_succubus_2g4.png,セメタリーゲート / 悪魔のトリル / 滅びの翼 / 追い風,心の棘 / 攻撃ブースト,B-D,B-E,B-I,B-J,B-L,,,,,,
pmg,B,5,エアリエル,70,原,https://eldersign.jp/img/mi/g/f0/039_ariel_0g4.png,ストーン / セメタリーゲート / テンペスト / フサリア / 滅びの翼,バナナフロート / ライトシギル / 心の壁 / 心の棘,B-D,B-E,B-I,B-J,B-L,,,,,,
pmg,B,5,フラーユ,90,亜2,https://eldersign.jp/img/mi/p/f0/058_floweyu_2g4.png,セメタリーゲート / ダークネビュラ / ヒヤデスウィンド / フサリア / 滅びの翼,ダークシギル / ドルフィンフロート / 心の棘 / 攻撃ブースト,B-D,B-E,B-I,B-J,B-L,,,,,,
pmg,B,2,もグりん,90,亜1,https://eldersign.jp/img/mi/p/f0/056_dhole_1g4.png,インクリーズ / ハウリングムーン / プロテクトディザスター / 光の楔 / 火葬,守りのミンネ / 戦いのエール,B-G,B-H,,,,,,,,,
いも,C,5,ブラスドラいも,83,亜2,https://eldersign.jp/img/mi/p/f0/049_brass-dragon_2g4.png,アースクェイク / インクリーズ / スキュアー / ブラッドセイバー / ヴェンデッタ,守りのミンネ / 戦いのエール,A-C,C-F,C-H,C-J,C-L,,,,,,
いも,C,5,ハイいも,70,原,https://eldersign.jp/img/mi/g/f0/048_hydra_0g7.png,アンダートウ / アースクェイク / スキュアー / トライペック / 光の刻印,守りのミンネ / 戦いのエール,A-C,C-F,C-H,C-J,C-L,,,,,,
いも,C,5,ペリュいも,90,亜2,https://eldersign.jp/img/mi/p/f0/047_peryton_2g4.png,カラカス / テンペスト / 光のベール / 光の楔 / 日光浴,リジェネレイト / 戦いのエール,A-C,C-F,C-H,C-J,C-L,,,,,,
いも,C,5,ウルタールのいも,70,亜2,https://eldersign.jp/img/mi/g/f0/065_cats-of-ulthar_2g4.png,カラカス / ディスペル / フォトケミカルスモッグ / リフレッシュフィールド / 月光浴,クィックオーダー / 防御ブースト,A-C,C-F,C-H,C-J,C-L,,,,,,
いも,C,6,ダークヤいも,90,亜2,https://eldersign.jp/img/mi/p/f0/055_dark-young_2g4.png,インクリーズ / スタンピード / ディスペル / トランプル / ベノムスパイン,ライトシギル / 遮光布,B-C,C-D,C-E,C-G,C-I,C-K,,,,,
いも,C,6,ダークサルガッいも,90,亜1,https://eldersign.jp/img/mi/p/f1/128_dark-sargassum_1g4.png,エンバール / オブシニティ / トランプル / ブラッドセイバー / 光のベール,守りのミンネ / 戦いのエール,B-C,C-D,C-E,C-G,C-I,C-K,,,,,
いも,C,6,グラいも,70,亜1,https://eldersign.jp/img/mi/g/f1/126_glaaki_1g7.png,クリアランス / ミラーズ / ユロール / 光の楔 / 闇のベール,スリープブレイス / ダークシギル,B-C,C-D,C-E,C-G,C-I,C-K,,,,,
いも,C,6,I.M.O.,81,亜2,https://eldersign.jp/img/mi/p/f0/053_fsm_2g4.png,シュリンク / プロテクトディザスター / 光のベール / 光の楔 / 闇の楔,守りのミンネ / 心の棘,B-C,C-D,C-E,C-G,C-I,C-K,,,,,
KTN,H,4,アルルーナ,29,亜1,https://eldersign.jp/img/mi/p/f0/040_alrunes_1g4.png,エンジェルダスト / トランキリティ,ハートオブウィンド / 命中ブースト,A-H,F-H,H-J,H-L,,,,,,,
KTN,H,4,エアリエル,21,亜2,https://eldersign.jp/img/mi/p/f0/039_ariel_2g4.png,テンペスト,ハートオブウィンド / 命中ブースト,A-H,F-H,H-J,H-L,,,,,,,
KTN,H,4,アトラク＝ナクア (1),46,亜2,https://eldersign.jp/img/mi/p/f0/066_atlach-nacha_2g4.png,ゴッサマーチェイン / シュリンク / ミラーズ / ユロール,ハートオブフレイム,A-H,F-H,H-J,H-L,,,,,,,
KTN,H,4,アトラク＝ナクア (2),34,亜2,https://eldersign.jp/img/mi/p/f0/066_atlach-nacha_2g4.png,ゴッサマーチェイン,ハートオブフレイム / リフレクション,A-H,F-H,H-J,H-L,,,,,,,
KTN,H,7,シルバードラゴン,59,亜1,https://eldersign.jp/img/mi/p/f0/050_silver-dragon_1g4.png,アースクェイク / ウォークライ / シードハウザー / バードサンクチュアリ / ブラッドセイバー,ハートオブウィンド / フレイムアシスト / フレイムバリア / リフレクション,B-H,C-H,D-H,E-H,G-H,H-I,H-K,,,,
KTN,H,7,ティアマト,67,亜1,https://eldersign.jp/img/mi/p/f0/096_tiamat_1g4.png,アースクェイク / ウォークライ / シードハウザー / チャージ / プライマルシー,エンジェリックウィング / ミラージュ / リフレクション,B-H,C-H,D-H,E-H,G-H,H-I,H-K,,,,
KTN,H,7,バステト,62,原,https://eldersign.jp/img/mi/g/f1/110_bastet_0g7.png,ウジャトの瞳 / テンペスト / ヒーリング / マウ・バスト / 六花,エンジェリックウィング / ハートオブオーシャン / 防御ブースト,B-H,C-H,D-H,E-H,G-H,H-I,H-K,,,,
KTN,H,7,姑獲鳥,69,亜2,https://eldersign.jp/img/mi/g/f0/098_ubume_2g4.png,アンダートウ / キャンセレイション / ダークネビュラ / 日光浴 / 燐火,コールドアシスト / コールドバリア / リジェネレイト,B-H,C-H,D-H,E-H,G-H,H-I,H-K,,,,
煌龍,G,5,ダークヤング,83,亜2,https://eldersign.jp/img/mi/p/f0/055_dark-young_2g4.png,インクリーズ / ガッシマ / スキュアー / スタンピード / トランプル,守りのミンネ / 戦いのエール,A-G,C-G,G-H,G-J,G-K,,,,,,
煌龍,G,5,ダークサルガッスム,81,亜1,https://eldersign.jp/img/mi/p/f1/128_dark-sargassum_1g4.png,インクリーズ / エンバール / スキュアー / ゼルハ / トランプル,守りのミンネ / 攻撃ブースト,A-G,C-G,G-H,G-J,G-K,,,,,,
煌龍,G,5,オールドワン,70,原,https://eldersign.jp/img/mi/g/f0/051_old-one_0g4.png,シュリンク / セメタリーゲート / ハウリングムーン / ミラーズ / ユロール,ハートオブオーシャン / リジェネレイト,A-G,C-G,G-H,G-J,G-K,,,,,,
煌龍,G,5,スターヴァンパイア,70,原,https://eldersign.jp/img/mi/g/f0/052_star-vampire_0g7.png,アンブッシュ / ミラーズ / ユロール / 光のベール / 光の楔,HPブースト / クィックオーダー,A-G,C-G,G-H,G-J,G-K,,,,,,
煌龍,G,3,パズズ,84,亜1,https://eldersign.jp/img/mi/p/f0/045_pazuzu_1g4.png,スキュアー / チャージ / トランプル / ドラゴニックロア / ブラッドセイバー,カウンター / ハートオブフレイム,B-G,D-G,G-I,,,,,,,,
煌龍,G,3,ブラスドラゴン,85,亜1,https://eldersign.jp/img/mi/p/f0/049_brass-dragon_1g4.png,スキュアー / チャージ / ブラッドセイバー / ベノムスクラッチ / ヴェンデッタ,守りのミンネ / 戦いのエール,B-G,D-G,G-I,,,,,,,,
煌龍,G,3,シルバードラゴン,70,原,https://eldersign.jp/img/mi/g/f0/050_silver-dragon_0g4.png,エルフショット / クルセイド / ヒヤデスウィンド / ファイアランス,ローズイズレッド / ヴァイオレッツブルー,B-G,D-G,G-I,,,,,,,,
煌龍,G,3,ウルタールの猫,70,亜2,https://eldersign.jp/img/mi/g/f0/065_cats-of-ulthar_2g4.png,カラカス / フライト / 光のベール / 日光浴 / 月光浴,HPブースト / クィックオーダー,B-G,D-G,G-I,,,,,,,,
煌龍,G,3,ティターニア,82,亜2,https://eldersign.jp/img/mi/p/f1/106_titania_2g4.png,アウェイクニング / ヒヤデスウィンド / ブラッドムーン / ホワイトインペール / ルビーレイン,ハートオブマーブル / リジェネレイト,E-G,F-G,G-L,,,,,,,,
煌龍,G,3,ペリ (1),70,原,https://eldersign.jp/img/mi/g/f0/042_peri_0g4.png,ヒヤデスウィンド / フサリア / ブラッドスティール / ペイルムーン / ムーランルージュ,ハートオブオーシャン / リジェネレイト,E-G,F-G,G-L,,,,,,,,
煌龍,G,3,ペリ (2),68,亜1,https://eldersign.jp/img/mi/p/f0/042_peri_1g7.png,アイスランス / アウローラ / フラッシュフラッド / ペイルムーン,コールドアシスト / ヴァイオレッツブルー,E-G,F-G,G-L,,,,,,,,
煌龍,G,3,サキュバス,85,亜1,https://eldersign.jp/img/mi/p/f0/043_succubus_1g4.png,ヒヤデスウィンド / ブラッドスティール / ペイルムーン / リヴァイヴ / 光のベール,クィックオーダー / 防御ブースト,E-G,F-G,G-L,,,,,,,,
Lollypop,I,11,うねうね,89,亜1,https://eldersign.jp/img/mi/p/f0/055_dark-young_1g4.png,インクリーズ / グランドスラム / トランキリティ / メガリス,守りのミンネ / 戦いのエール,A-I,B-I,C-I,D-I,E-I,F-I,G-I,H-I,I-J,I-K,I-L
Lollypop,I,11,うにょうにょ,90,亜2,https://eldersign.jp/img/mi/p/f0/055_dark-young_2g4.png,インクリーズ / スキュアー / トランプル / ヒカップ / ベノムスクラッチ,守りのミンネ / 戦いのエール,A-I,B-I,C-I,D-I,E-I,F-I,G-I,H-I,I-J,I-K,I-L
Lollypop,I,11,歌ウ触ワン,85,亜2,https://eldersign.jp/img/mi/p/f0/051_old-one_2g4.png,エルフショット / ミラーズ / ユロール / 光のベール / 闇のベール,ハートオブフレイム / リジェネレイト,A-I,B-I,C-I,D-I,E-I,F-I,G-I,H-I,I-J,I-K,I-L
Lollypop,I,11,46000anyちゃん,82,亜1,https://eldersign.jp/img/mi/p/f0/052_star-vampire_1g4.png,アンブッシュ / パンデミック / フォトケミカルスモッグ / 光のベール / 光の楔,HPブースト / クィックオーダー,A-I,B-I,C-I,D-I,E-I,F-I,G-I,H-I,I-J,I-K,I-L